Workbook

Sheet Hướng dẫn
A1: Agricovi – Mô hình doanh thu (bản để nhà đầu tư tự đổi giả định)
A3: Cách dùng
A4: 1. Mở trang 'Giả định'. Chỉ sửa các ô màu vàng.
A5: 2. Trang 'Dự phóng' tự tính lại doanh thu 3 năm, chi phí và lợi nhuận.
A6: 3. Giá thuê bao (4 gói) lấy theo quyết định D4 của chủ sản phẩm. Các nguồn thu còn lại chưa chốt giá nên để 0, hãy điền thử.
A8: Lưu ý
A9: - Số lượng khách các năm là GIẢ ĐỊNH để thảo luận, không phải số liệu thực tế hay cam kết.
A10: - Doanh thu thuê bao tính theo 'quy năm': số khách cuối năm nhân giá cả năm (run-rate), chưa chia theo tháng bắt đầu.
A11: - Chưa tính thuế, chiết khấu, khách dùng thử miễn phí 1 tháng, khách rời bỏ giữa năm.
A12: - Các dòng chi phí để 0 vì chưa có ngân sách; điền vào để xem lợi nhuận. Nếu để 0, lợi nhuận bằng doanh thu và KHÔNG phản ánh thực tế.

Sheet Giả định
A1: GIẢ ĐỊNH (chỉ sửa ô màu vàng)
A3: 1. Giá thuê bao (đồng mỗi quý) – theo quyết định D4
A4: Gói | B4: Giá/quý | C4: Số vụ | E4: Ghi chú
A5: Hộ cơ bản | B5: 600000 | C5: 3 | E5: Dùng thử 1 tháng, sau đó thu theo quý
A6: Hộ nâng cao | B6: 900000 | C6: 5
A7: HTX cơ bản | B7: 1500000 | C7: 10
A8: HTX nâng cao | B8: 3000000 | C8: 25
A10: 2. Cơ cấu gói
A11: Tỷ lệ hộ chọn gói nâng cao | B11: 0.5
A12: Tỷ lệ HTX chọn gói nâng cao | B12: 0.5
A14: 3. Số khách trả phí cuối năm (giả định)
A15: Chỉ tiêu | B15: Năm 1 | C15: Năm 2 | D15: Năm 3 | E15: Ghi chú
A16: Hộ trả phí | B16: 200 | C16: 1000 | D16: 3000 | E16: Thay bằng số liệu thí điểm khi có
A17: HTX trả phí | B17: 50 | C17: 100 | D17: 300
A19: 4. Nguồn thu từ website (chưa chốt giá, điền thử)
A20: Chỉ tiêu | B20: Năm 1 | C20: Năm 2 | D20: Năm 3 | E20: Ghi chú
A21: Số cơ sở mua gói ưu tiên hiển thị | B21: 0 | C21: 0 | D21: 0
A22: Phí ưu tiên hiển thị (đồng/cơ sở/năm) | B22: 0 | C22: 0 | D22: 0
A23: Số nhà cung cấp mở gian hàng vật tư | B23: 0 | C23: 0 | D23: 0
A24: Phí gian hàng (đồng/gian hàng/năm) | B24: 0 | C24: 0 | D24: 0
A25: Doanh thu quảng cáo, tin tài trợ (đồng/năm) | B25: 0 | C25: 0 | D25: 0 | E25: Nhập tổng số
A26: Giá trị đơn hàng giao thương qua website (đồng/năm) | B26: 0 | C26: 0 | D26: 0 | E26: Chỉ khi đã có tư vấn pháp lý
A27: Tỷ lệ hoa hồng trên đơn | B27: 0 | C27: 0 | D27: 0
A28: Doanh thu dữ liệu và dịch vụ liên kết (đồng/năm) | B28: 0 | C28: 0 | D28: 0 | E28: Dài hạn
A30: 5. Chi phí hằng năm (đồng) – điền để xem lợi nhuận
A31: Khoản chi | B31: Năm 1 | C31: Năm 2 | D31: Năm 3 | E31: Ghi chú
A32: Nhân sự | B32: 0 | C32: 0 | D32: 0 | E32: Đang để 0: lợi nhuận chưa phản ánh thực tế
A33: Marketing và bán hàng | B33: 0 | C33: 0 | D33: 0
A34: Hạ tầng máy chủ, phần mềm | B34: 0 | C34: 0 | D34: 0
A35: Hỗ trợ khách, đào tạo | B35: 0 | C35: 0 | D35: 0
A36: Pháp lý, tuân thủ | B36: 0 | C36: 0 | D36: 0
A37: Chi khác | B37: 0 | C37: 0 | D37: 0

Sheet Dự phóng
A1: DỰ PHÓNG DOANH THU 3 NĂM (đồng, tự tính)
A3: Chỉ tiêu | B3: Năm 1 | C3: Năm 2 | D3: Năm 3
A4: Giá bình quân hộ (đồng/năm) | B4: =('Giả định'!$B$5*(1-'Giả định'!$B$11)+'Giả định'!$B$6*'Giả định'!$B$11)*4 -> 3000000 | C4: =('Giả định'!$B$5*(1-'Giả định'!$B$11)+'Giả định'!$B$6*'Giả định'!$B$11)*4 -> 3000000 | D4: =('Giả định'!$B$5*(1-'Giả định'!$B$11)+'Giả định'!$B$6*'Giả định'!$B$11)*4 -> 3000000
A5: Giá bình quân HTX (đồng/năm) | B5: =('Giả định'!$B$7*(1-'Giả định'!$B$12)+'Giả định'!$B$8*'Giả định'!$B$12)*4 -> 9000000 | C5: =('Giả định'!$B$7*(1-'Giả định'!$B$12)+'Giả định'!$B$8*'Giả định'!$B$12)*4 -> 9000000 | D5: =('Giả định'!$B$7*(1-'Giả định'!$B$12)+'Giả định'!$B$8*'Giả định'!$B$12)*4 -> 9000000
A6: Thuê bao hộ | B6: ='Giả định'!B16*B4 -> 600000000 | C6: ='Giả định'!C16*C4 -> 3000000000 | D6: ='Giả định'!D16*D4 -> 9000000000
A7: Thuê bao HTX | B7: ='Giả định'!B17*B5 -> 450000000 | C7: ='Giả định'!C17*C5 -> 900000000 | D7: ='Giả định'!D17*D5 -> 2700000000
A8: Tổng thuê bao app | B8: =B6+B7 -> 1050000000 | C8: =C6+C7 -> 3900000000 | D8: =D6+D7 -> 11700000000
A9: Ưu tiên hiển thị | B9: ='Giả định'!B21*'Giả định'!B22 -> 0 | C9: ='Giả định'!C21*'Giả định'!C22 -> 0 | D9: ='Giả định'!D21*'Giả định'!D22 -> 0
A10: Gian hàng vật tư | B10: ='Giả định'!B23*'Giả định'!B24 -> 0 | C10: ='Giả định'!C23*'Giả định'!C24 -> 0 | D10: ='Giả định'!D23*'Giả định'!D24 -> 0
A11: Quảng cáo, tin tài trợ | B11: ='Giả định'!B25 -> 0 | C11: ='Giả định'!C25 -> 0 | D11: ='Giả định'!D25 -> 0
A12: Hoa hồng giao thương | B12: ='Giả định'!B26*'Giả định'!B27 -> 0 | C12: ='Giả định'!C26*'Giả định'!C27 -> 0 | D12: ='Giả định'!D26*'Giả định'!D27 -> 0
A13: Dữ liệu và dịch vụ liên kết | B13: ='Giả định'!B28 -> 0 | C13: ='Giả định'!C28 -> 0 | D13: ='Giả định'!D28 -> 0
A14: Tổng nguồn thu website và khác | B14: =SUM(B9:B13) -> 0 | C14: =SUM(C9:C13) -> 0 | D14: =SUM(D9:D13) -> 0
A15: TỔNG DOANH THU | B15: =B8+B14 -> 1050000000 | C15: =C8+C14 -> 3900000000 | D15: =D8+D14 -> 11700000000
A16: Tổng chi phí | B16: =SUM('Giả định'!B32:B37) -> 0 | C16: =SUM('Giả định'!C32:C37) -> 0 | D16: =SUM('Giả định'!D32:D37) -> 0
A17: LỢI NHUẬN (trước thuế) | B17: =B15-B16 -> 1050000000 | C17: =C15-C16 -> 3900000000 | D17: =D15-D16 -> 11700000000
A18: Thuê bao app chiếm trong tổng doanh thu | B18: =IF(B15=0,0,B8/B15) -> 1 | C18: =IF(C15=0,0,C8/C15) -> 1 | D18: =IF(D15=0,0,D8/D15) -> 1
A20: Lưu ý: số khách là giả định. Chi phí đang để 0 nên lợi nhuận bằng doanh thu cho đến khi bạn điền vào trang 'Giả định'.
