Workbook

Sheet Thông Tin Chung & Mục lục
A1: SỔ NHẬT KÝ SẢN XUẤT DƯA LƯỚI VIETGAP & BẢNG KIỂM TỰ ĐÁNH GIÁ
A4: I. THÔNG TIN CƠ SỞ SẢN XUẤT & MÙA VỤ
A5: Tên cơ sở / Trang trại: | B5: Trang trại Dưa lưới Công nghệ cao Hachi VietGAP | D5: Mã số chứng nhận VietGAP: | E5: GAP-VT-2026-8899
A6: Địa chỉ sản xuất: | B6: Xã Nhuận Đức, Huyện Củ Chi, TP. Hồ Chí Minh | D6: Chủ cơ sở / Quản lý: | E6: Nguyễn Văn Quảng
A7: Diện tích nhà màng (m²): | B7: 1000 | D7: Cán bộ kỹ thuật phụ trách: | E7: KTS. Lê Hoàng Nam
A8: Tên vụ mùa: | B8: Vụ Thu Đông 2026 (Mã vụ: VD-2026-03) | D8: Giống dưa lưới: | E8: TL3 (Kháng bệnh tốt, Brix cao)
A9: Ngày gieo hạt: | B9: 2026-11-01 | D9: Dự kiến thu hoạch: | E9: 2027-01-15
A10: Mật độ gieo trồng: | B10: 2,500 cây/1.000m² (Hàng đôi) | D10: Mục tiêu sản lượng: | E10: 2,500 kg (Độ ngọt ≥ 13°Brix)
A12: II. BẢNG TỔNG HỢP THEO DÕI SẢN XUẤT (AUTOMATED DASHBOARD)
A13: Chỉ số theo dõi Mùa vụ | C13: Số liệu tự động | D13: Đơn vị tính | E13: Ghi chú & Cảnh báo VietGAP
A14: Tổng số lượt bón phân / châm dinh dưỡng | C14: =COUNTA(NhatKy_BonPhan!A5:A20) | D14: Lượt | E14: Tự động đếm số lần bón phân
A15: Tổng khối lượng phân bón sử dụng | C15: =SUM(NhatKy_BonPhan!F5:F20) | D15: Kg / Lít | E15: Tổng phân đa-trung-vi lượng
A16: Tổng số đợt phun thuốc BVTV | C16: =COUNTA(NhatKy_PhunThuoc!A5:A20) | D16: Đợt | E16: Theo dõi nhật ký BVTV
A17: Cảnh báo vi phạm thời gian cách ly PHI | C17: =IF(COUNTIF(NhatKy_PhunThuoc!I5:I20,"CẢNH BÁO*")>0, "CẢNH BÁO - CÓ LÔ CHƯA ĐỦ PHI!", "AN TOÀN - ĐỦ THỜI GIAN CÁCH LY") | D17: Trạng thái | E17: Kiểm soát an toàn thực phẩm
A18: Tổng số lần tưới nước | C18: =COUNTA(NhatKy_TuoiNuoc!A5:A20) | D18: Lượt tưới | E18: Kiểm soát chế độ nước tưới
A19: Tổng sản lượng thu hoạch thực tế | C19: =SUM(NhatKy_ThuHoach!D5:D20) | D19: Kg | E19: Tổng dưa thu hoạch các đợt
A20: Độ ngọt Brix trung bình trái | C20: =AVERAGE(NhatKy_ThuHoach!F5:F20) | D20: °Brix | E20: Tiêu chuẩn xuất bán ≥ 12-14°Brix
A21: Tổng số sự cố phát sinh & Khắc phục | C21: =COUNTA(SuCo_KhacPhuc!A5:A20) | D21: Vụ việc | E21: Đã xử lý đạt 100%
A23: III. MỤC LỤC & TẬP HỢP CÁC TRANG NHẬT KÝ (NAVIGATION)
A24: STT | B24: Tên Trang Sổ Nhật Ký | D24: Nội dung & Mục đích theo dõi VietGAP | G24: Liên kết nhanh
A25: 1 | B25: BangKiem_VietGAP | D25: Bảng kiểm tra tự đánh giá tiêu chuẩn VietGAP dưa lưới (25 tiêu chí core) | G25: =HYPERLINK("#BangKiem_VietGAP!A1", "Mở trang →")
A26: 2 | B26: NhatKy_GieoTrong | D26: Theo dõi xuất xứ giống, ngâm ủ, khay ươm, mật độ ra vườn, kẹp gốc | G26: =HYPERLINK("#NhatKy_GieoTrong!A1", "Mở trang →")
A27: 3 | B27: NhatKy_BonPhan | D27: Ghi chép công thức phân bón, liều lượng, chỉ số EC/pH, đợt bón Fertigation | G27: =HYPERLINK("#NhatKy_BonPhan!A1", "Mở trang →")
A28: 4 | B28: NhatKy_PhunThuoc | D28: Theo dõi thuốc BVTV, hoạt chất, liều lượng & Tự động tính thời gian cách ly PHI | G28: =HYPERLINK("#NhatKy_PhunThuoc!A1", "Mở trang →")
A29: 5 | B29: NhatKy_TuoiNuoc | D29: Theo dõi số lần tưới, lượng nước/bầu/ngày, vi khí hậu nhiệt độ/độ ẩm nhà màng | G29: =HYPERLINK("#NhatKy_TuoiNuoc!A1", "Mở trang →")
A30: 6 | B30: NhatKy_ThuHoach | D30: Ghi nhận mã lô, sản lượng (kg), phân loại quả, độ ngọt °Brix, đơn vị thu mua | G30: =HYPERLINK("#NhatKy_ThuHoach!A1", "Mở trang →")
A31: 7 | B31: SuCo_KhacPhuc | D31: Nhật ký ghi nhận các bất thường (thời tiết, sâu bệnh, thiết bị) & biện pháp xử lý | G31: =HYPERLINK("#SuCo_KhacPhuc!A1", "Mở trang →")

Sheet BangKiem_VietGAP
A1: BẢNG KIỂM TỰ ĐÁNH GIÁ CHỨNG NHẬN VIETGAP TRỒNG TRỌT (TCVN 11892-1:2017) Chuyên ngành: Dưa lưới trồng trong nhà màng công nghệ cao
A4: Mã TC | B4: Nội dung Tiêu chí Đánh giá VietGAP | C4: Mức độ RR | D4: Đánh giá Thực tế | E4: Hồ sơ Minh chứng yêu cầu | F4: Ghi chú & Khắc phục | G4: Trạng thái
A5: 1.1 | B5: Địa điểm nhà màng cao ráo, không bị ngập úng, cách xa nguồn ô nhiễm (bãi rác, nghĩa trang, hóa chất). | C5: A - Bắt buộc | D5: Đạt | E5: Bản đồ vị trí & Báo cáo đánh giá vùng trồng | F5: Đã khảo sát đạt chuẩn | G5: ĐẠT
A6: 1.2 | B6: Đất/Nền nhà màng sạch, có bạt phủ cách ly chống cỏ dại và mầm bệnh từ đất. | C6: B - Cao | D6: Đạt | E6: Nhật ký vệ sinh nền & mẫu bạt phủ | F6: Bạt trắng phản quang đạt 100% | G6: ĐẠT
A7: 2.1 | B7: Nguồn nước tưới đạt tiêu chuẩn an toàn (nước giếng khoan/nước sông qua xử lý), không nhiễm kim loại nặng. | C7: A - Bắt buộc | D7: Đạt | E7: Kết quả xét nghiệm nước tưới định kỳ | F7: Kết quả xét nghiệm nước đạt TCVN | G7: ĐẠT
A8: 2.2 | B8: Hệ thống bồn chứa phân bón A/B riêng biệt, có mô tơ đảo trộn chống lắng đọng kết tủa. | C8: B - Cao | D8: Đạt | E8: Sơ đồ hệ thống Fertigation | F8: Hệ thống bồn PE 1000L | G8: ĐẠT
A9: 2.3 | B9: Phân bón sử dụng thuộc danh mục cho phép, có nguồn gốc rõ ràng, không dùng phân tươi. | C9: A - Bắt buộc | D9: Đạt | E9: Hóa đơn mua phân bón & Nhãn nhãn hiệu | F9: Dùng phân bón hòa tan tinh khiết | G9: ĐẠT
A10: 3.1 | B10: Giống dưa lưới có xuất xứ rõ ràng, có chứng nhận chất lượng, tỷ lệ nảy mầm ≥ 85%. | C10: A - Bắt buộc | D10: Đạt | E10: Hóa đơn mua hạt giống & Giấy chứng nhận | F10: Giống TL3 F1 chính hãng | G10: ĐẠT
A11: 3.2 | B11: Giá thể mụn dừa đã qua quy trình xả chát Tanin & Lignin hoàn toàn trước khi trồng. | C11: A - Bắt buộc | D11: Đạt | E11: Nhật ký xử lý giá thể (Xả vôi 7 ngày) | F11: Kiểm tra EC < 0.5 mS/cm | G11: ĐẠT
A12: 4.1 | B12: Áp dụng quản lý dịch hại tổng hợp IPM (bẫy dính vàng, lưới chắn côn trùng 32-50 mesh). | C12: B - Cao | D12: Đạt | E12: Nhật ký theo dõi bẫy dính | F12: Lưới màng nguyên vẹn | G12: ĐẠT
A13: 4.2 | B13: Chỉ sử dụng thuốc BVTV trong danh mục được phép, đúng liều lượng và nguyên tắc 4 đúng. | C13: A - Bắt buộc | D13: Đạt | E13: Sổ nhật ký phun thuốc BVTV | F13: Thuốc sinh học/tiếp xúc mau phân hủy | G13: ĐẠT
A14: 4.3 | B14: Tuân thủ nghiêm ngặt thời gian cách ly (PHI) của từng loại thuốc trước khi thu hoạch. | C14: A - Bắt buộc | D14: Đạt | E14: Sổ nhật ký BVTV & Phiếu kiểm tra PHI | F14: Tự động kiểm tra PHI bằng phần mềm | G14: ĐẠT
A15: 4.4 | B15: Kho chứa thuốc BVTV riêng biệt, có khóa an toàn, bảng cảnh báo và dụng cụ bảo hộ. | C15: A - Bắt buộc | D15: Đạt | E15: Biên bản kiểm tra an toàn kho | F15: Kho riêng có khóa chắc chắn | G15: ĐẠT
... A22: 7.2 | B22: Bao bì, chai lọ thuốc BVTV sau sử dụng được thu gom vào bể chứa nguy hại riêng. | C22: A - Bắt buộc | D22: Đạt | E22: Hình ảnh bể chứa rác thải nguy hại | F22: Có bể chứa bê tông có nắp đậy | G22: ĐẠT

Sheet NhatKy_GieoTrong
A1: NHẬT KÝ SẢN XUẤT VIETGAP - NHATKY GIEOTRONG
A4: Ngày thực hiện | B4: Hạng mục / Công việc | C4: Lô hạt / Cây con | D4: Mật độ / Số lượng | E4: Tỷ lệ nảy mầm (%) | F4: Tình trạng sinh trưởng | G4: Người thực hiện | H4: Ghi chú VietGAP
A5: 2026-11-01 | B5: Ngâm ủ hạt giống dưa lưới | C5: Lô TL3-F1-088 | D5: 2,600 hạt | E5: 96.5 | F5: Hạt nứt nanh đều, mầm khỏe | G5: Lê Văn Tám | H5: Ngâm nước ấm 42°C trong 2.5h, ủ khăn ẩm 24h
A6: 2026-11-02 | B6: Gieo hạt vào khay ươm | C6: Khay xốp 50 lỗ | D6: 52 khay (2,600 lỗ) | E6: 96 | F6: Giá thể mụn dừa mịn thông thoáng | G6: Nguyễn Thị Mơ | H6: Gieo 1 hạt/lỗ, phủ lớp mụn dừa mỏng 0.5cm
A7: 2026-11-08 | B7: Chăm sóc cây con trong nhà ươm | C7: Lô cây con 7 ngày | D7: 2,550 cây | E7: 98 | F7: Cây có 1 lá thật, xanh mướt | G7: Lê Văn Tám | H7: Phun bổ sung NPK 30-10-10 (1g/L) + Vi lượng
A8: 2026-11-12 | B8: Trồng cây ra vườn (Ra bầu) | C8: Bầu PE 40x40cm | D8: 2,500 bầu | E8: 99 | F8: Cây đạt 2 lá thật, cao 8-10cm | G8: Đội sản xuất 1 | H8: Trồng hàng đôi, tưới đẫm nước lập tức
A9: 2026-11-19 | B9: Treo dây cố định & Kẹp gốc | C9: Lô vườn 1.000m² | D9: 2,500 cây | E9: 100 | F9: Cây cao 50cm, bắt đầu quấn ngọn | G9: Lê Văn Tám | H9: Cố định kẹp nhựa vào cáp treo 2.5m

Sheet NhatKy_BonPhan
A1: NHẬT KÝ SẢN XUẤT VIETGAP - NHATKY BONPHAN
A4: Ngày bón | B4: Giai đoạn sinh trưởng | C4: Tên phân bón | D4: Nhà sản xuất / Nguồn gốc | E4: Phương thức bón | F4: Khối lượng (kg) | G4: Chỉ số EC (mS/cm) | H4: Độ pH | I4: Người thực hiện
A5: 2026-10-25 | B5: Chuẩn bị giá thể (Bón lót) | C5: Phân hữu cơ vi sinh ViNa | D5: Công ty Hữu Cơ Việt | E5: Trộn trực tiếp giá thể | F5: 50 | G5: 0.4 | H5: 6.5 | I5: Lê Văn Tám
A6: 2026-11-13 | B6: Giai đoạn 1 (Trồng - 14 ngày) | C6: Dung dịch Fertigation A+B (GĐ1) | D6: Yara / Hà Lan | E6: Tưới nhỏ giọt bù áp | F6: 2.5 | G6: 1.3 | H6: 6.2 | I6: Nguyễn Văn Quảng
A7: 2026-11-20 | B7: Giai đoạn 1 (Trồng - 14 ngày) | C7: Dung dịch Fertigation A+B (GĐ1) | D7: Yara / Hà Lan | E7: Tưới nhỏ giọt bù áp | F7: 3 | G7: 1.4 | H7: 6.3 | I7: Nguyễn Văn Quảng
A8: 2026-11-28 | B8: Giai đoạn 2 (Thúc hoa - Thụ phấn) | C8: Dung dịch Fertigation A+B (GĐ2) | D8: Yara / Hà Lan | E8: Tưới nhỏ giọt bù áp | F8: 4.5 | G8: 1.7 | H8: 6.4 | I8: Nguyễn Văn Quảng
A9: 2026-12-08 | B9: Giai đoạn 2 (Thúc hoa - Thụ phấn) | C9: Tăng cường Canxi Ca(NO3)2 | D9: Haifa / Israel | E9: Tưới nhỏ giọt bù áp | F9: 2 | G9: 1.8 | H9: 6.5 | I9: Nguyễn Văn Quảng
A10: 2026-12-18 | B10: Giai đoạn 3 (Nuôi trái - Tạo lưới) | C10: Dung dịch Fertigation A+B (GĐ3) | D10: Yara / Hà Lan | E10: Tưới nhỏ giọt bù áp | F10: 6 | G10: 2.2 | H10: 6.5 | I10: Nguyễn Văn Quảng
A11: 2026-12-28 | B11: Giai đoạn 3 (Thúc độ ngọt Brix) | C11: K2SO4 + KNO3 (Tăng Kali) | D11: Haifa / Israel | E11: Tưới nhỏ giọt bù áp | F11: 4 | G11: 2.4 | H11: 6.6 | I11: Nguyễn Văn Quảng
A12: 2027-01-08 | B12: Ngưng bón phân (Trước thu 7 ngày) | C12: Chuyển sang tưới nước sạch | D12: Nguồn nước giếng đã lọc | E12: Tưới nhỏ giọt bù áp | F12: 0 | G12: 0.2 | H12: 6.5 | I12: Nguyễn Văn Quảng

Sheet NhatKy_PhunThuoc
A1: NHẬT KÝ SỬ DỤNG THUỐC BVTV & KIỂM SOÁT THỜI GIAN CÁCH LY PHI VIETGAP
A4: Ngày phun | B4: Dịch hại mục tiêu | C4: Tên thuốc BVTV | D4: Hoạt chất đăng ký | E4: Liều lượng / Nồng độ | F4: Diện tích phun (m²) | G4: PHI (Ngày) | H4: Ngày hết cách ly | I4: Cảnh báo PHI VietGAP | J4: Người phun
A5: 2026-11-08 | B5: Bọ trĩ, Bọ phấn con | C5: Actara 25WG | D5: Thiamethoxam | E5: 1g / 8 lít nước | F5: 100 | G5: 7 | H5: =A5+G5 | I5: =IF(H5>DATE(2027,1,15), "CẢNH BÁO - CHƯA ĐỦ PHI", "AN TOÀN") | J5: Lê Văn Tám
A6: 2026-11-22 | B6: Bọ trĩ chích hút ngọn | C6: Radiant 60SC | D6: Spinetoram | E6: 15ml / 16 lít nước | F6: 1000 | G6: 5 | H6: =A6+G6 | I6: =IF(H6>DATE(2027,1,15), "CẢNH BÁO - CHƯA ĐỦ PHI", "AN TOÀN") | J6: Lê Văn Tám
A7: 2026-12-05 | B7: Bệnh phấn trắng chớm bị | C7: Score 250EC | D7: Difenoconazole | E7: 10ml / 16 lít nước | F7: 1000 | G7: 7 | H7: =A7+G7 | I7: =IF(H7>DATE(2027,1,15), "CẢNH BÁO - CHƯA ĐỦ PHI", "AN TOÀN") | J7: Lê Văn Tám
A8: 2026-12-20 | B8: Phòng giả sương mai | C8: MAP Green 10AS | D8: Citrus oil (Dầu cam sinh học) | E8: 20ml / 16 lít nước | F8: 1000 | G8: 3 | H8: =A8+G8 | I8: =IF(H8>DATE(2027,1,15), "CẢNH BÁO - CHƯA ĐỦ PHI", "AN TOÀN") | J8: Lê Văn Tám

Sheet NhatKy_TuoiNuoc
A1: NHẬT KÝ SẢN XUẤT VIETGAP - NHATKY TUOINUOC
A4: Ngày tưới | B4: Giai đoạn cây | C4: Số lần tưới / ngày | D4: Lượng nước (Lít/bầu/ngày) | E4: Nhiệt độ nhà màng (°C) | F4: Độ ẩm không khí (%) | G4: EC xả thải (mS/cm) | H4: Người vận hành
A5: 2026-11-13 | B5: Mới ra bầu (1-7 ngày) | C5: 10 | D5: 0.8 | E5: 28.5 | F5: 65 | G5: 1.1 | H5: Lê Văn Tám
A6: 2026-11-25 | B6: Thúc cành nhánh (15-25 ngày) | C6: 12 | D6: 1.5 | E6: 30 | F6: 60 | G6: 1.4 | H6: Lê Văn Tám
A7: 2026-12-10 | B7: Thụ phấn & Đậu trái | C7: 14 | D7: 1.8 | E7: 29 | F7: 55 | G7: 1.6 | H7: Lê Văn Tám
A8: 2026-12-25 | B8: Nuôi trái & Phình lưới | C8: 16 | D8: 2.2 | E8: 31 | F8: 52 | G8: 1.9 | H8: Lê Văn Tám
A9: 2027-01-10 | B9: Ngưng tưới nước (Trước thu 5 ngày) | C9: 0 | D9: 0 | E9: 31.5 | F9: 50 | G9: 0.3 | H9: Lê Văn Tám

Sheet NhatKy_ThuHoach
A1: NHẬT KÝ THU HOẠCH DƯA LƯỚI & ĐÁNH GIÁ CHẤT LƯỢNG SẢN PHẨM VIETGAP
A4: Ngày thu hoạch | B4: Mã lô thu hoạch | C4: Số lượng quả (Trái) | D4: Sản lượng (Kg) | E4: Trọng lượng TB (Kg/trái) | F4: Độ ngọt (°Brix) | G4: Phân loại chất lượng | H4: Đơn vị thu mua / Tiêu thụ
A5: 2027-01-15 | B5: LÔ-TL3-01 | C5: 800 | D5: 1280 | E5: =D5/C5 | F5: 13.5 | G5: Loại 1 (Xuất khẩu / Siêu thị) | H5: Co.opmart TP.HCM
A6: 2027-01-16 | B6: LÔ-TL3-02 | C6: 1200 | D6: 1860 | E6: =D6/C6 | F6: 14 | G6: Loại 1 (Xuất khẩu / Siêu thị) | H6: Cửa hàng Nông sản An Toàn
A7: 2027-01-17 | B7: LÔ-TL3-03 | C7: 400 | D7: 520 | E7: =D7/C7 | F7: 12.5 | G7: Loại 2 (Chợ đầu mối / Dân cư) | H7: Thương lái Củ Chi

Sheet SuCo_KhacPhuc
A1: NHẬT KÝ SẢN XUẤT VIETGAP - SUCO KHACPHUC
A4: Ngày phát sinh | B4: Mô tả sự cố / Bất thường | C4: Mức độ ảnh hưởng | D4: Nguyên nhân xác định | E4: Biện pháp khắc phục đã xử lý | F4: Người phụ trách | G4: Trạng thái xử lý
A5: 2026-11-20 | B5: Tắc 3 đầu nhỏ giọt tại hàng 4 | C5: Nhẹ (Cục bộ) | D5: Cặn cặn dinh dưỡng đóng vôi | E5: Tháo vòi ngâm dung dịch acid citric loãng, xả rửa vòi | F5: Lê Văn Tám | G5: Đã hoàn thành
A6: 2026-12-03 | B6: Xuất hiện vết nấm phấn trắng rải rác 5 cây | C6: Trung bình | D6: Độ ẩm đêm tăng cao do mưa cuối mùa | E6: Cắt tỉa lá bệnh, phun cục bộ Score 250EC, tăng thông gió | F6: Lê Văn Tám | G6: Đã hoàn thành
A7: 2026-12-22 | B7: Quạt đối lưu nhà màng phát tiếng ồn lớn | C7: Nhẹ | D7: Hỏng ổ bi quạt thông gió số 2 | E7: Thay ổ bi mới, tra mỡ bảo dưỡng hệ thống điện | F7: Nguyễn Văn Quảng | G7: Đã hoàn thành
